email,username,password,first_name,last_name,image_url,interests,hobbies,zip_code,coordinates,friend_radius_miles
pbates@hotmail.com,johnhines,$2b$12$Q1PUFjhN/AWRQ21LbGYvjeLpZZB6lfZ1BPwifHALGO6oIbyC3CmJe,Candace,Murphy,https://randomuser.me/api/portraits/women/6.jpg,Machine break image feel national energy office check.,Executive personal issue with ok forget.,94110,"-121.98,37.35",100
ucurry@moody.com,zacharyayala,$2b$12$Q1PUFjhN/AWRQ21LbGYvjeLpZZB6lfZ1BPwifHALGO6oIbyC3CmJe,Michelle,Dawson,https://randomuser.me/api/portraits/men/23.jpg,Beat stop prove break fine college form.,Event institution probably heart house everything purpose.,94110,"-122.42,37.76",30
carlastokes@moses-phillips.org,harriscynthia,$2b$12$Q1PUFjhN/AWRQ21LbGYvjeLpZZB6lfZ1BPwifHALGO6oIbyC3CmJe,Brandi,Valdez,https://randomuser.me/api/portraits/women/20.jpg,Ready receive street without industry well.,Raise property thus.,95125,"-121.98,37.35",100
floreschristopher@west.biz,mary58,$2b$12$Q1PUFjhN/AWRQ21LbGYvjeLpZZB6lfZ1BPwifHALGO6oIbyC3CmJe,Deborah,Bartlett,https://randomuser.me/api/portraits/men/97.jpg,Determine tell civil respond sometimes scene specific.,Off matter recognize his how.,94110,"-121.96,37.35",100
gryan@ramos.biz,ryoder,$2b$12$Q1PUFjhN/AWRQ21LbGYvjeLpZZB6lfZ1BPwifHALGO6oIbyC3CmJe,Susan,Stephens,https://randomuser.me/api/portraits/men/47.jpg,Type by data Republican wish generation mention.,Good table seek career spring indeed activity.,94110,"-121.96,37.35",15
pmccoy@gmail.com,christopherflores,$2b$12$Q1PUFjhN/AWRQ21LbGYvjeLpZZB6lfZ1BPwifHALGO6oIbyC3CmJe,Elizabeth,Dominguez,https://randomuser.me/api/portraits/men/17.jpg,Business speak than project value cause yard.,Follow none little boy former purpose east.,94110,"-121.98,37.35",5
zthompson@hotmail.com,gibsondavid,$2b$12$Q1PUFjhN/AWRQ21LbGYvjeLpZZB6lfZ1BPwifHALGO6oIbyC3CmJe,Brandon,Knight,https://randomuser.me/api/portraits/lego/8.jpg,Information ability development ok.,Religious gas game spend send.,95051,"-121.98,37.305",5
pcolon@williams.com,gmarshall,$2b$12$Q1PUFjhN/AWRQ21LbGYvjeLpZZB6lfZ1BPwifHALGO6oIbyC3CmJe,Timothy,Cherry,https://randomuser.me/api/portraits/women/31.jpg,Try operation make popular artist nothing direction.,Action person that important.,95051,"-121.96,37.35",100
vschwartz@hotmail.com,rosejesse,$2b$12$Q1PUFjhN/AWRQ21LbGYvjeLpZZB6lfZ1BPwifHALGO6oIbyC3CmJe,Jeremy,Campbell,https://randomuser.me/api/portraits/lego/6.jpg,Anything development sing tonight full drive.,None pull vote change property sense manage.,94612,"-121.98,37.305",15
wagnerdavid@phillips-koch.biz,megan29,$2b$12$Q1PUFjhN/AWRQ21LbGYvjeLpZZB6lfZ1BPwifHALGO6oIbyC3CmJe,Nicholas,Carlson,https://randomuser.me/api/portraits/men/93.jpg,Student have rule represent suggest cut movie.,Tough live professor wife.,95050,"-121.98,37.305",100
evan73@brown.info,lrowland,$2b$12$Q1PUFjhN/AWRQ21LbGYvjeLpZZB6lfZ1BPwifHALGO6oIbyC3CmJe,Jay,Miller,https://randomuser.me/api/portraits/women/26.jpg,Lead news everyone few likely manager three.,Prevent benefit gas early project ago spring person.,95125,"-121.98,37.305",15
keithwebb@kaufman.info,josephjackson,$2b$12$Q1PUFjhN/AWRQ21LbGYvjeLpZZB6lfZ1BPwifHALGO6oIbyC3CmJe,Fred,Hutchinson,https://randomuser.me/api/portraits/men/8.jpg,Measure movie case financial knowledge son give.,Seek always point certain return material simply.,94612,"-121.98,37.35",5
knightelizabeth@west-morales.com,lorimartinez,$2b$12$Q1PUFjhN/AWRQ21LbGYvjeLpZZB6lfZ1BPwifHALGO6oIbyC3CmJe,Vanessa,Sharp,https://randomuser.me/api/portraits/men/49.jpg,Husband clearly talk message green administration economic.,Teacher town next.,95125,"-121.98,37.305",15
gabrielle74@hotmail.com,brookswilliam,$2b$12$Q1PUFjhN/AWRQ21LbGYvjeLpZZB6lfZ1BPwifHALGO6oIbyC3CmJe,Jamie,Rivera,https://randomuser.me/api/portraits/men/41.jpg,Week people within among difference security later.,Provide TV different.,94110,"-121.9,37.32",15
brownjay@gmail.com,jacksonamy,$2b$12$Q1PUFjhN/AWRQ21LbGYvjeLpZZB6lfZ1BPwifHALGO6oIbyC3CmJe,Shawn,Simmons,https://randomuser.me/api/portraits/women/10.jpg,South consider image force worker majority.,Have provide training understand.,95129,"-121.9,37.32",15
edwardstina@harris-wise.com,fmoon,$2b$12$Q1PUFjhN/AWRQ21LbGYvjeLpZZB6lfZ1BPwifHALGO6oIbyC3CmJe,Ashley,Lopez,https://randomuser.me/api/portraits/men/17.jpg,Surface hair key effort family seven mention.,Network case television thought.,95050,"-122.27,37.81",15
galvarez@alvarado.com,michaelshannon,$2b$12$Q1PUFjhN/AWRQ21LbGYvjeLpZZB6lfZ1BPwifHALGO6oIbyC3CmJe,Joseph,Patterson,https://randomuser.me/api/portraits/women/50.jpg,Teacher anyone institution front fight soon.,Cold size teach sing test lot lot.,95050,"-121.98,37.305",100
jamestaylor@sanchez-adams.org,jeffreyjordan,$2b$12$Q1PUFjhN/AWRQ21LbGYvjeLpZZB6lfZ1BPwifHALGO6oIbyC3CmJe,Daniel,Hernandez,https://randomuser.me/api/portraits/men/36.jpg,Executive player left after yet example avoid.,Beyond fast there once write fill employee somebody.,94110,"-121.98,37.305",5
jake52@gmail.com,jacob19,$2b$12$Q1PUFjhN/AWRQ21LbGYvjeLpZZB6lfZ1BPwifHALGO6oIbyC3CmJe,Pamela,Coleman,https://randomuser.me/api/portraits/men/44.jpg,Official themselves family off director business Mr.,Site specific coach participant nation avoid show.,94110,"-121.98,37.305",5
alyssayoung@yahoo.com,farmerdavid,$2b$12$Q1PUFjhN/AWRQ21LbGYvjeLpZZB6lfZ1BPwifHALGO6oIbyC3CmJe,April,Fowler,https://randomuser.me/api/portraits/lego/6.jpg,Thought interesting quite hundred ability as.,How ever talk nation happy.,95125,"-121.98,37.35",5
